1,severe poverty
2,starvation
3,oppression
4,effects of war
5,self-sacrifice
6,Science fiction
7,Apocalyptic fiction
8,Dystopian fiction
9,Fiction
10,Juvenile works
11,Novels
12,Young adult works
13,Juvenile fiction
14,contensts
15,Young adult fiction
16,Game shows
17,Television programs
18,New York Times bestseller
19,Contests
20,nyt:series_books=2010-08-21
21,Long Now Manual for Civilization
22,Reality television programs
23,Television game shows
24,Survival
25,Interpersonal relations
26,Roman
27,Amerikanisches Englisch
28,Sisters
29,Young women
30,Dystopias
31,Survival skills
32,Blind
33,Books and reading
34,Reading Level-Grade 9
35,Reading Level-Grade 8
36,Reading Level-Grade 11
37,Reading Level-Grade 10
38,Reading Level-Grade 12
39,Survival Stories
40,Action & Adventure
41,Children's fiction
42,"Survival, fiction"
43,"Interpersonal relations, fiction"
44,"Contests, fiction"
45,"Television, fiction"
46,Large type books
47,Future
48,violent
49,life risking
50,bravery.
51,Roman pour jeunes adultes
52,Habiletés de survie
53,Roman d'aventures
54,Concours et compétitions
55,Relations humaines
56,"Romans, nouvelles"
57,Émissions televiseés
58,Spanish language materials
59,Supervivencia
60,Novela juvenil
61,Relaciones humanas
62,Programas de televisión
63,Concursos
64,Fantastische Erzahlung
65,Fantastische Literatur
66,Action and adventure fiction
67,Contests Fiction
68,Fictional Work
69,Interpersonal relations Fiction
70,"Jeux télévisés Romans, nouvelles, etc. pour la jeunesse"
71,Reality television programs Fiction
72,Reality television programs Juvenile fiction
73,Romans
74,Survival Fiction
75,Survival skills Fiction
76,Television game shows Juvenile fiction
77,Television programs Fiction
78,Émissions télévisées
79,Novela
80,Televisión
81,Programas
82,Competencias
83,American fiction
84,Translations into Chinese
85,Chinese language materials
86,"Romans, nouvelles, etc. pour la jeunesse"
87,"Literature and fiction, juvenile"
88,Short stories
89,Fantasy fiction
90,"American literature, study and teaching"
91,Serie:The_Hunger_Games
92,Pictures
93,Poster book
94,Posters
95,"Potter, harry (fictitious character)"
96,series:Luz_e_Escuridão
97,series:Twilight
98,nyt:series_books=2008-03-15
99,School & Education
100,Vampires
101,Juvenile Fiction
102,Children's Books - Young Adult Fiction
103,"Science Fiction, Fantasy, & Magic"
104,Children: Young Adult (Gr. 10-12)
105,Schools
106,Love & Romance
107,Horror & Ghost Stories
108,Juvenile Fiction / Horror & Ghost Stories
109,High schools
110,Children's 12-Up - Fiction - Horror
111,High school students
112,First loves
113,"Vampires, fiction"
114,"Schools, fiction"
115,"Washington (state), fiction"
116,"Love, fiction"
117,cheese
118,Graphic novels
119,Adaptations
120,Vampiros
121,Ficción juvenil
122,Escuelas secundarias
123,Escuelas
124,nyt:hardcover-graphic-books=2010-04-04
125,Edward Cullen (Fictitious character)
126,"Comic books, strips"
127,Bella Swan (Fictitious character)
128,"Twilight (Meyer, Stephenie)"
129,"Motion pictures, juvenile literature"
130,Motion pictures
131,Chinese language
132,Chang pian xiao shuo
133,Simplified characters
134,Russian language materials
135,Interpersonal attraction
136,Upside-down books
137,Teenagers
138,"Comics & graphic novels, romance"
139,"Comics & graphic novels, fantasy"
140,Werewolves
141,Yan qing xiao shuo
142,"Youth, fiction"
143,High school
144,Junge Frau
145,Vampir
146,Verlieben
147,School stories
148,Reading materials
149,Children's books
150,Spanish language
151,Translations from English
152,Portuguese fiction
153,Novela estadounidense
154,Polish language materials
155,Écoles
156,Love
157,Persistence
158,Friendship
159,Élèves du secondaire
160,Écoles secondaires
161,Premier amour
162,Amour
163,Persévérance
164,Amitié
165,"Paranormal, Occult & Supernatural. . ."
166,Romance
167,Paranormal
168,Social Themes
169,Dating & Sex
170,Außenseiterin
171,Gefahr
172,Tochter
173,Weibliche Jugend
174,Wohnungswechsel
175,Supernatural fiction
176,Mishnah
177,American Young adult fiction
178,Roman pour jeunes adultes américain
179,"Comics & graphic novels, fantasy, general"
180,fiction
181,fiction classics
182,contemporary fiction
183,racial segregation
184,mob mentality
185,Southern Gothic
186,southern life
187,racial injustice
188,class
189,courage
190,compassion
191,gender roles
192,laws
193,loss of innocence
194,rape trials
195,domestic fiction
196,legal stories
197,Bildungsromans
198,Race relations
199,Lawyers
200,Girls
201,Prejudices
202,Fathers and daughters
203,Trials (Rape)
204,Great Depression
205,African Americans
206,"Father-daughter relationship,"
207,Toleranz
208,Kind
209,American fiction (fictional works by one author)
210,"Fiction, coming of age"
211,"Fiction, family life"
212,"Fiction, legal"
213,"Fathers and daughters, fiction"
214,"Southern states, fiction"
215,"Lawyers, fiction"
216,"African americans, fiction"
217,Social life and customs
218,Manners and customs
219,Padres e hijas
220,Relaciones raciales
221,Procesos por violación
222,Father-daughter relationship
223,New York Times reviewed
224,American literature
225,"Fiction, family life, general"
226,Muchachas
227,Ficción
228,Relations raciales
229,Procès (Viol)
230,Filles
231,Classics
232,Literary
233,Estados del Sur (Estados Unidos)
234,Families
235,"Fiction, general"
236,Fictional Works [Publication Type]
237,Rape
238,"Married people, fiction"
239,"Fiction, psychological"
240,"Long island (n.y.), fiction"
241,Rich people
242,Mistresses
243,Married women
244,Traffic accidents
245,Revenge
246,American Manuscripts
247,Facsimiles
248,Manuscripts
249,"Antiheroes, l fiction"
250,"Man-woman relationships, fiction"
251,Upper class
252,"Young adult fiction, comics & graphic novels, classic adaptation"
253,"Young adult fiction, social themes, class differences"
254,"Young adult fiction, classics"
255,"Fiction, historical,  New york (n.y.)"
256,"fiction"""
257,YOUNG ADULT FICTION
258,Comics & Graphic Novels
259,Classic Adaptation
260,Class Differences
261,Historical
262,Rich
263,Criticism and interpretation
264,Drama
265,Modern fiction
266,Literature
267,Open Library Staff Picks
268,Wealth
269,Readers
270,Economic conditions
271,Fictional Works Publication Type
272,Rich people -- Fiction
273,Romance fiction
274,Long Island (N.Y.) -- Fiction
275,Psychological fiction
276,Love stories
277,Relaciones hombre-mujer
278,Nouveau riche
279,FICTION / General
280,Moral conditions
281,"Fitzgerald, f. scott (francis scott), 1896-1940"
282,Nineteen twenties
283,English fiction
284,"New york (state), fiction"
285,Wives
286,Relations entre hommes et femmes
287,Classes supérieures
288,Nouveaux riches
289,Riches
290,Maîtresses
291,Vengeance
292,Roman américain
293,Textual Criticism
294,"Great Gatsby (Fitzgerald, F. Scott)"
295,Romance Norte Americano
296,"Fiction, friendship"
297,"Fiction, classics"
298,Adultery
299,Accidents de la route
300,Millionaires
301,American Dream
302,Millionnaires
303,Rêve américain
304,Années vingt (Vingtième siècle)
305,Tránsito
306,Accidentes
307,Mujeres casadas
308,Primer amor
309,Cuentos de amor
310,"Fiction, city life"
311,"Fiction, romance, historical, american"
312,"Fiction, romance, historical, 20th century"
313,"Fiction, historical, world war i"
314,Traffic accidents--Fiction
315,First loves--Fiction
316,Rich people--Fiction
317,Mistresses--Fiction
318,Revenge--Fiction
319,Long Island (N.Y.)--Fiction
320,Novel
321,"American fiction (collections), 20th century"
322,"Fiction, fantasy, romance"
323,"Fiction, action & adventure"
324,"American literature, history and criticism, 19th century"
325,New York (State)
326,First loves -- Fiction
327,Rich people -- New York (State) -- New York -- Fiction
328,New York (State) -- Long Island
329,New York (State) -- New York
330,Fictional works [publication type]
331,Man-woman relationships--new york (state)--long island--fiction
332,Upper class--new york (state)--long island--fiction
333,Ps3511.i9 g7 1995b
334,813/.52
335,"Fiction, romance, general"
336,Man-woman relationships
337,Young Adult Fiction
338,Cancer—Fiction
339,Terminally ill—Fiction
340,Love—Fiction
341,Cancer
342,Terminally ill
343,"Cancer, fiction"
344,Cancer in adolescence
345,Terminally ill children
346,Conduct of life
347,Sick
348,Physicians
349,Youth
350,Death
351,Cancéreux
352,Enfants malades en phase terminale
353,Histoires d'amour
354,Roman pour la jeunesse
355,Chez l'enfant
356,Self-help groups
357,Teenage girls
358,Cancer in children
359,Niños moribundos
360,Niños
361,Cáncer
362,Patients
363,Cancer chez l'adolescent
364,Malades en phase terminale
365,Jeunes femmes
366,Morale pratique
367,Médecins
368,Jeunesse
369,Mort
370,Osteosarcoma
371,Eye cancer
372,Nyt:chapter_books=2012-01-07
373,New york times bestseller
374,Enfermos terminales
375,Ficcion juvenil
376,Adolescent
377,Self-esteem & self-reliance
378,Neoplasms
379,Social themes
380,Amerikanisches englisch
381,Friends
382,Death & dying
383,Sick young adult fiction
384,Interpersonal relations--young adult fiction
385,Cancer--young adult fiction
386,Thyroid neoplasms
387,Fictional works
388,Psychology
389,Attitude to death
390,17.91 literature from and for special groups
391,18.06 anglo-american literature
392,Arkenstone
393,Battle of Five Armies
394,invisibility
395,thrushes
396,eagles
397,hobbits
398,wizards
399,dragons
400,dwarves
401,elves
402,men
403,trolls
404,goblins
405,giant spiders
406,the one ring
407,juvenile fantasy
408,Fantasy
409,General
410,Media Tie-In
411,children's books
412,juvenile works
413,Teen & Young Adult literature
414,English Fantasy fiction
415,Specimens
416,Juvenile Fantasy fiction
417,Toy and movable books
418,Magic in fiction
419,juvenile literature
420,Pictorial works
421,Magic
422,Quests (Expeditions)
423,Dragons in fiction
424,Children's stories
425,Ficción fantástica inglesa
426,Fantasy in fiction
427,Translations into Russian
428,Middle Earth (Imaginary place)
429,Tierra Media (Lugar imaginario)
430,Bilbo Baggins (Fictitious character)
431,Dwarfs
432,British and irish fiction (fictional works by one author)
433,"Fiction, fantasy, general"
434,"Middle earth (imaginary place), fiction"
435,"Science fiction, fantasy, horror"
436,Child and youth fiction
437,Gollum (Fictitious character)
438,Hobbits (Fictitious characters)
439,"Baggins, bilbo (fictitious character), fiction"
440,"Gandalf (fictitious character), fiction"
441,"Baggins, frodo (fictitious character), fiction"
442,Characters
443,Characters and characteristics
444,"Hobbit, an unexpected journey (Motion picture)"
445,"Hobbit (Tolkien, J.R.R.)"
446,YOUNG ADULT FICTION / Classics
447,YOUNG ADULT FICTION / Fantasy / General
448,YOUNG ADULT FICTION / Media Tie-In
449,"Fiction, fantasy, epic"
450,English literature
451,"Fiction, media tie-in"
452,Courage
453,Literatura angielska dla młodzieży
454,Tłumaczenia polskie
455,Novela Inglesa
456,Untranslated
457,Terre du Milieu (Lieu imaginaire)
458,Hobbits (Personnages fictifs)
459,Novela fantástica
460,Magiciens
461,Schultheater
462,"Fiction, fairy tales, folk tales, legends & mythology"
463,"Fiction, fantasy, dragons & mythical creatures"
464,Good and evil
465,English Fantasy literature
466,Adventure stories
467,fictional works
468,Runaway teenagers
469,Adolescence
470,teenage boys
471,Runaway teenagers in literature
472,Brothers and sisters
473,Emotionally disturbed teenage boys
474,Preparatory schools
475,Alienation in teenagers
476,juvenile fiction
477,"Caulfield, holden (fictitious character), fiction"
478,"New york (n.y.), fiction"
479,"Caulfield, holden (fictitious character)"
480,"Salinger, j. d. (jerome david), 1919-2010"
481,Adolescence in literature
482,Holden Caulfield (Fictitious character)
483,Holden ACaulfield (Fictitious character)
484,Heranwachsender
485,"Caulfield, holden (fictitious character)--fiction"
486,Runaway teenagers--fiction
487,Ps3537.a426 c315 1991
488,Book: sga sal
489,"813.5 s 3-8, 1991"
490,Governors
491,Engelsk skönlitteratur
492,"Caulfield, Holden (Personnage fictif)"
493,Teenage boys in literature
494,Adolescents fugueurs dans la littérature
495,Garçons adolescents dans la littérature
496,Universidad Sergio Arboleda
497,"Catcher in the rye (Salinger, J.D.)"
498,heparin
499,ambigrams
500,antimatter
501,Freemasons
502,Swiss Guard
503,Murder
504,Investigation
505,Women scientists
506,College teachers
507,Terrorism
508,Catholic Church
509,papacy
510,suspense fiction
511,thrillers
512,signs and symbols
513,secret societies
514,anti-Catholicism
515,Illuminati
516,vendetta
517,crimes against physicists
518,religious educators
519,popes
520,election
521,suspense
522,Anticatolicismo
523,Cryptographers
524,Papas
525,Physicists
526,Símbolos
527,Educadores religiosos
528,Vendeta
529,Sociedades secretas
530,Físicos
531,Crimes against
532,Elección
533,Delitos contra
534,Sante sede
535,Novela de suspense
536,Adventure fiction
537,Signos y símbolos
538,Reading Level-Grade 7
539,Detective and mystery stories
540,Verschwörung
541,Appreciation
542,Geheimbund
543,Art appreciation
544,FICTION / Thrillers / General
545,FICTION / Thrillers / Suspense
546,"Fiction, suspense"
547,"Vatican city, fiction"
548,"Langdon, robert (fictitious character), fiction"
549,"Fiction, thrillers, general"
550,Educators
551,"Langdon, Robert (Personnage fictif)"
552,Sociétés secrètes
553,Papes
554,Église catholique
555,Illuminés
556,Élection
557,Roman policier américain
558,nyt:mass-market-paperback=2009-02-22
559,"Fiction, thrillers, suspense"
560,Translations into Serbian
561,"Motion pictures, united states"
562,Fictional Works
563,Papauté
564,American drama
565,collectionid:dbrl
566,"Fiction, Romance, Historical, Regency"
567,British and Irish fiction (fictional works by one author)
568,Courtship
569,Family
570,Family life
571,Family relations
572,Fiction Classics
573,History
574,Literary Fiction
575,manners
576,marriage
577,Social classes
578,wealth
579,Women in England
580,young ladies
581,entail
582,"Young women, fiction"
583,"Sisters, fiction"
584,"England, fiction"
585,Roman anglais
586,Classes sociales
587,Sœurs
588,Amours
589,Familles
590,"Mœurs et coutumes"""
591,Clases sociales
592,Jóvenes (Mujeres)
593,Cortejo amoroso
594,Hermanas
595,"Great britain, social life and customs, fiction"
596,Historical fiction
597,Classical literature
598,Domestic fiction
599,"English language, textbooks for foreign speakers"
600,"Women, fiction"
601,Gentry
602,Mate selection
603,"Fiction, romance, historical, general"
604,English literature (collections)
605,Coloring books
606,"Language and languages, study and teaching"
607,Emoticons
608,Drama (dramatic works by one author)
609,Feelings
610,Class
611,Englisch
612,Sociala klasser i litteraturen
613,Prophecies
614,Great britain
615,Reading level-grade 7
616,Reading level-grade 9
617,Reading level-grade 8
618,Reading level-grade 11
619,Reading level-grade 10
620,Reading level-grade 12
621,"Fiction, romance, historical"
622,"Austen, jane, 1775-1817"
623,Literature and fiction (general)
624,"English literature, history and criticism"
625,England
626,Художественная литература -- Великобритания -- Английская литература -- 1-ая пол. 19 в. -- Романы
627,Elizabeth Bennet (Fictitious character)
628,Fitzwilliam Darcy (Fictitious character)
629,"Pride and prejudice (Austen, Jane)"
630,Mr. Collins (Fictitious character)
631,nyt:trade_fiction_paperback=2008-10-26
632,Male friendship
633,Betrayal
634,Boys
635,nyt:trade_fiction_paperback=2009-09-26
636,Bacha bazi
637,Soviet-Afghan war
638,Mullahs
639,sadistic personality disorder
640,brass knuckles
641,fighter kites
642,Pashtuns
643,Hazaras
644,literary fiction
645,Teenage boys
646,Competitions
647,Kites
648,open_syllabus_project
649,Amistad entre hombres
650,Social conditions
651,Parent and child
652,"Afghanistan, fiction"
653,"Friendship, fiction"
654,Autographed books
655,Social Class
656,Afghanistan-Konflikt
657,Modern & contemporary fiction (post c 1945)
658,Freundschaft
659,Soziale Ungleichheit
660,Junge
661,Arabic fiction
662,Amitié masculine
663,Afghans
664,Histoire
665,Littérature américaine
666,Afghanistan
667,Talibans
668,Novelas afganas
669,Traición
670,Muchachos
671,Social classes&#x200B;
672,collectionID:TexChallenge2021
673,Trahison (Morale)
674,Garçons
675,Male friendship--fiction
676,Social classes--fiction
677,Betrayal--fiction
678,Boys--fiction
679,World literature
680,Fiction subjects
681,Translations into Persian
682,In library
683,nyt:paperback_books=2012-02-25
684,Identity
685,Identity (Psychology)
686,"Identity, fiction"
687,"Family, fiction"
688,"Courage, fiction"
689,dystopian
690,young adult
691,dystopian fiction
692,sci-fi
693,YA
694,dystopian YA
695,bestseller
696,future
697,Identity (Philosophical concept)
698,Individuality
699,Values & Virtues
700,Valentía
701,Familia
702,Identidad (Psicología)
703,Film adaptations
704,Juvenile literature
705,Science fiction films
706,Divergent (Motion picture)
707,Child and youth non-fiction
708,Cinema
709,Choice (Psychology)
710,Conformity
711,Affiliation (Philosophy)
712,Science-fiction
713,Choix (Psychologie)
714,Conformisme
715,Identité (Psychologie)
716,futurology
717,censorship
718,surveillance
719,rebels
720,sting operations
721,historical negationism
722,memory holes
723,thoughtcrime
724,Outer Party
725,resistance movements
726,Newspeak
727,perpetual war
728,telescreens
729,cult of personality
730,Ingsoc
731,Satirical literature
732,English science fiction
733,FICTION CLASSICS
734,CLASSICS
735,CONTEMPORARY FICTION
736,Politique
737,Political fiction
738,Totalitarisme
739,Totalitarismo
740,Husbands
741,Classic Literature
742,Novela política
743,Middle aged men
744,Insurance agents
745,Distopías
746,Ciencia-ficción
747,Cautionary tales and verse
748,Dystopias in literature
749,Suburban life
750,Totalitarianism
751,Indic fiction (English)
752,Science Fiction
753,Traducciones al español
754,Novela inglesa
755,Zukunft
756,Polizeistaat
757,English Political fiction
758,Totalitarianism and literature
759,History and criticism
760,"London (england), fiction"
761,"Fiction, political"
762,"Fiction, dystopian"
763,"Fiction, science fiction, general"
764,Correspondence
765,Journalists
766,English Authors
767,Correspondence..
768,Authors and publishers
769,"Fiction, short stories (single author)"
770,British and irish drama (dramatic works by one author)
771,Brainwashing
772,Authoritarianism
773,NOVELAS INGLESAS
774,"Fiction, historical, general"
775,Political science
776,Satire
777,Dystopian plays
778,Essays
779,Nationalism
780,Lexicography
781,Language & literary studies
782,English manuscripts
783,Translations into russian
784,Translations into urdu
785,Translations into spanish
786,"Nineteen eighty-four (orwell, george)"
787,Translating and interpreting
788,Totalitarianism--fiction
789,Pr6029.r8 n49 2003
790,Long now manual for civilization
791,Dystopies
792,SciFi
793,political satire
794,classic
795,animal drama
796,English literature: literary criticism
797,For National Curriculum Key Stage 4 & GCSE
798,"Fiction, satire"
799,"Animals, fiction"
800,"Behavior, fiction"
801,Domestic animals
802,Zhong pian xiao shuo
803,Lectures et morceaux choisis
804,English Political satire
805,Animales domésticos
806,Animals in literature
807,Animals
808,Power (Social sciences)
809,Farms
810,Livestock
811,Political corruption
812,Englischunterricht
813,Skönlitteratur
814,Fables
815,Politique-fiction
816,Animaux domestiques
817,In literature
818,Allegories
819,Regensburg
820,Fiction: Literature
821,Misogyny
822,rape
823,Book of Leviticus
824,child sexual abuse
825,finance
826,secrecy
827,aristocracy
828,heiresses
829,tattooing
830,upper class
831,industrialists
832,Detective
833,Mystery
834,punk
835,woman
836,crime
837,murder
838,sex
839,investigate
840,death
841,revenge
842,justice
843,trilogy
844,Journalists Sweden Stockholm Fiction
845,Missing persons Investigation Sweden Oland Fiction
846,Computer hackers Sweden Stockholm Fiction
847,mystery fiction
848,21st Century Film and Literature
849,Gender and Violence
850,Scandinavian comparative literature
851,women's and gender studies
852,comparative literature
853,thriller
854,crime fiction
855,Family secrets
856,Missing persons
857,Hackers
858,nyt:combined_print_fiction=2012-03-03
859,Suspense fiction
860,Corruption
861,Computer hackers
862,Lisbeth Salander (Fictitious character)
863,Mikael Blomqvist (Fictitious character)
864,Swedish fiction
865,Disappeared persons
866,Ética
867,Personas desaparecidas
868,Clase alta
869,"Journalists, fiction"
870,"Missing persons, fiction"
871,"Stockholm (sweden), fiction"
872,Mikael Blomkvist (Fictitious character)
873,Internet Archive Wishlis
874,Translations into English
875,Women private investigators
876,Mikael Blomkvist
877,Lisbeth
878,Investigative reporting
879,Journalistes
880,Journalisme d'enquête
881,Personnes disparues
882,Enquêtes
883,German language materials
884,Belletristische Darstellung
885,Verschwinden
886,Journalist
887,Aufklärung <Kriminologie>
888,Familie
889,Sexueller Missbrauch
890,Faschismus
891,Kriminalfall
892,Aufklärung
893,Kriminalroman
894,Schwedisch
895,Kriminalliteratur
896,Text
897,"Fiction, mystery & detective, general"
898,Action/Adventure
899,teen fiction
900,interdependence
901,independence
902,Games
903,Apocalyptic literature
904,Competition
905,teenage girls
906,sisters
907,poverty
908,Insurgency
909,Adventures and Adventurers
910,Television
911,Bravery
912,Heroism
913,Defiance and Talking Back
914,Adventure and adventurers
915,Dystopian
916,Self-Esteem & Self-Reliance
917,JUVENILE FICTION
918,Katniss Everdeen (Fictitious character)
919,Insurgencia
920,nyt:chapter-books=2009-09-20
921,Phantastische Erzahlung
922,Phantastische Literatur
923,Wilderness survival
924,Révoltes
925,Jeux télévisés
926,Insurgency -- Fiction
927,orphans
928,foster homes
929,fantasy
930,literature
931,juvenile fantasy fiction
932,Locus Award winner
933,Bram Stoker Award winner
934,Whitbread Book Award winner
935,Adventure
936,Juvenile audience
937,Wizards
938,nyt:series_books=2006-09-16
939,Hogwarts School of Witchcraft and Wizardry (Imaginary place)
940,Witches
941,Harry Potter (Fictitious character)
942,Magos
943,Magia
944,Hogwarts School of Witchcraft and Wizardry (Imaginary organization)
945,Children's Books/Ages 9-12 Fiction
946,Spanish: Grades 4-7
947,"Potter, Harry (Fictitious character)"
948,"Potter, Harry (Caracter ficticio)"
949,Hogwarts School of Witchcraft and Wizardry (Lugar imaginario)
950,Literatura juvenil
951,Harry Potter (Fictional character)
952,Orphans & Foster Homes
953,Fantasy & Magic
954,French language materials
955,Chinese fiction
956,Tong hua
957,"Potter, harry (fictitious character), fiction"
958,"Wizards, fiction"
959,"Hogwarts school of witchcraft and wizardry (imaginary organization), fiction"
960,"Magic, fiction"
961,Magie
962,Schulferien
963,Deutschland
964,Verrat
965,Jugendgruppe
966,Fabeltiere
967,Lüge
968,Rache
969,Boarding schools
970,Deutschland Grenzschutzkommando Mitte Schule
971,"Potter, Harry (Personnage fictif)"
972,Hermione Granger (Fictitious character)
973,Ron Weasley (Fictitious character)
974,Juvenile films
975,Películas cinematográficas juveniles
976,Hechiceros
977,"Potter, Harry (Personaje literario)"
978,Children stories
979,"Adventure and adventurers, fiction"
980,"Witches, fiction"
981,Translations into Marathi
982,Elves
983,Dwarves
984,evil
985,fear
986,hope
987,young adult fiction
988,Fantastic fiction
989,The Lord of the Rings
990,Fairy tales
991,FICTION / Fantasy / Epic
992,Translations in Chinese
993,Français (langue)
994,Vol. 1.
995,"Lord of the rings (Tolkien, J.R.R.)"
996,Gandolf (Fictitious character)
997,Frodo Baggins (Fictitious character)
998,Translations into Yiddish
999,Sci-fi
1000,Young Adult
1001,Witches and warlocks
1002,England in fiction
1003,Schools in fiction
1004,Sorcières
1005,Wizards in fiction
1006,Coming of age
1007,{acute}Ecoles
1008,Sorciaeres
1009,Sorciers
1010,Arabic language materials
1011,Witchcraft
1012,Severus Snape (Fictitious character)
1013,Lebensrettung
1014,Internat
1015,Weissagung
1016,Existenzkampf
1017,Boarding school students
1018,Military aspects
1019,Parapsychology
1020,Das Böse
1021,Magier
1022,Lebensgefahr
1023,Schüler
1024,Rollentausch
1025,Telepathie
1026,Das Gute
1027,Dueling
1028,Teacher-student relationships
1029,Außenseiter
1030,Imaginärer Schauplatz
1031,Hate
1032,Schools - Fiction
1033,Coming of age - Fiction
1034,Magic - Fiction
1035,Poudlard (Organisation imaginaire)
1036,Hogwarts Schools of Witchcraft and Wizardry (Imaginary Place)
1037,Eventyrlige fortællinger
1038,Troldmænd
1039,Magi
1040,Familias
1041,Muchachas adolescentes
1042,Novela psicológica
1043,Bereavement
1044,Dead
1045,Murder victims' families
1046,Víctimas de asesinato
1047,Novela hogareña
1048,Susie Salmon (Fictitious character)
1049,Homicide
1050,Ghost stories
1051,Future life
1052,Victims of crimes
1053,Spirits
1054,nyt:trade-fiction-paperback=2009-08-30
1055,Adolescentes
1056,Crimes contre
1057,Familles de victimes d'homicide
1058,Murder victims' families--fiction
1059,Teenage girls--crimes against
1060,Teenage girls--crimes against--fiction
1061,Ps3619.e26 l68 2004
1062,813/.6
1063,Murder victims
1064,Abus sexuels? l'?gard des adolescentes
1065,Dutch fiction
1066,Jenseits
1067,Kleinstadt
1068,Beobachtung
1069,Trauerarbeit
1070,Sexualmord
1071,Deuil
1072,Morts
1073,series:Harry_Potter
1074,school stories
1075,Nestlé Smarties Book Prize winner
1076,Wizards -- Juvenile fiction
1077,Orphans
1078,Aunts
1079,Uncles
1080,Cousins
1081,Determination (Personality trait) in children
1082,Witches Fiction
1083,Wizards Fiction
1084,Schools Fiction
1085,England Fiction
1086,Magic -- Juvenile fiction
1087,Hogwarts School of Witchcraft and Wizardry (Imaginary place) -- Juvenile fiction
1088,Schools -- Juvenile fiction
1089,Wizards -- Fiction
1090,Magic -- Fiction
1091,Schools -- Fiction
1092,England -- Juvenile fiction
1093,England -- Fiction
1094,Engels
1095,Latin language materials
1096,Nécromancie
1097,Magía
1098,Juvenile
1099,"Children's stories, English"
1100,Sieg
1101,Basilisk
1102,List
1103,Jugendbuch
1104,Kampf
1105,Schule
1106,Basilisk (Fabeltier)
1107,Phönix
1108,Hogwartes School of Witchcraft and Wizardry (Imaginary place)
1109,Social Issues
1110,Humor
1111,Braille books
1112,Warlocks
1113,"Poudlard, école de sorcellerie (Organisation imaginaire)"
1114,Internats
1115,Waisenkind
1116,Intrige
1117,Wiederbelebung
1118,Bewährung
1119,Wettkampf
1120,Sport
1121,Rettung
1122,Mord
1123,magier
1124,fictitious schools
1125,juvenile audience
1126,children's stories
1127,Hugo Award Winner
1128,award:hugo_award=novel
1129,School
1130,Sorcellerie
1131,award:hugo_award=2001
1132,Romans nouvelles etc. pour la jeunesse
1133,Hugo Award
1134,Inglaterra
1135,Novelas inglesas
1136,French language
1137,Korean language materials
1138,the Elder Wand
1139,dementors
1140,good and evil
1141,dark magic
1142,heroics
1143,action
1144,adventure
1145,children
1146,children's literature
1147,boarding school
1148,wizardry
1149,mystery
1150,kids
1151,witchcraft
1152,war
1153,Roman fantastique
1154,Ecoles
1155,"Potter, Harry (Fictitious character) -- Juvenile fiction"
1156,Magos -- Ficción juvenil
1157,Magia -- Ficción juvenil
1158,Escuelas -- Ficción juvenil
1159,Inglaterra -- Ficción juvenil
1160,Méchanceté
1161,Quête (Littérature)
1162,Illusion (performing art)
1163,Schools (institutions)
1164,Schools (buildings)
1165,death eater
1166,ron
1167,Suspense & Thriller
1168,Spiritual Fiction
1169,hieros gamos
1170,Priory of Sion
1171,Holy Grail
1172,Vitruvian Man
1173,Fibonacci sequence
1174,safe deposit boxes
1175,mystery & suspense
1176,Templars
1177,Last Supper in art
1178,Symbolism in architecture
1179,adventure fiction
1180,Catholics
1181,puzzles
1182,International thriller
1183,Code and cipher stories
1184,Mystery fiction
1185,crimes against art museum curators
1186,art appreciation
1187,Historical Mystery & Detective Fiction
1188,Religious fiction
1189,Aventures
1190,Religious articles
1191,Occultisme
1192,Art museum curators
1193,Grial
1194,Robert Langdon (Fictitious character)
1195,Powiesc amerykanska
1196,T¿umaczenia polskie
1197,Secret societies
1198,Grail
1199,Cryptography
1200,"Leonardo, da vinci, 1452-1519, fiction"
1201,"Paris (france), fiction"
1202,"Fiction, thrillers"
1203,Museumsdirektor
1204,Bruderschaft
1205,Manuscritos
1206,Criptografía
1207,Maria Magdalena
1208,Religious
1209,romans
1210,magie
1211,adolescence
1212,Quill Award winner
1213,Scottish Children’s Book Award winner
1214,British Book of the Year Award winner
1215,nyt:series_books=2006-07-15
1216,Merveilleux
1217,Bengali Detective and mystery stories
1218,Fantasiewelt
1219,relationships
1220,morality
1221,survival
1222,childhood
1223,boys
1224,ethics
1225,castaway
1226,shipwreck
1227,regression
1228,Islands
1229,Castaways
1230,"Survival after airplane accidents, shipwrecks"
1231,Leadership
1232,Regression (Psychology)
1233,Interpersonal relations in children
1234,Zhang pian xiao shuo
1235,"Golding, william, 1911-1993"
1236,"English literature, outlines, syllabi, etc."
1237,Airplane crash survival
1238,Shipwreck survival
1239,Human relations
1240,Psychological aspects
1241,FICTION / Classics
1242,FICTION / Psychological
1243,FICTION / Action & Adventure
1244,Classical Literature
1245,Conflicto entre generaciones
1246,Conflict of generations
1247,courtship
1248,Drama inglés
1249,Dramatic production
1250,Enemistad mortal
1251,"English drama (collections), early modern and elizabethan, 1500-1600"
1252,"English literature, study and teaching"
1253,English Love stories
1254,English Young adult drama
1255,Juventud
1256,Language and linguistics
1257,Love-Romance-Fiction
1258,Love in adolescence
1259,Married people
1260,Performing Arts
1261,Plays
1262,Quartos
1263,Shakespeare
1264,Sources
1265,Stage history
1266,Suicide
1267,Suspense-Fiction
1268,Teatro
1269,Tragedias
1270,Tragedy
1271,Vendetta
1272,"Shakespeare, william, 1564-1616"
1273,"Shakespeare, william, 1564-1616, romeo and juliet"
1274,"Shakespeare, william, 1564-1616, criticism, textual"
1275,"Shakespeare, william, 1564-1616, outlines, syllabi, etc."
1276,"Shakespeare, william, 1564-1616, dramatic production"
1277,"Shakespeare, william, 1564-1616, stage history"
1278,"Shakespeare, william, 1564-1616, criticism and interpretation"
1279,"Drama, british and irish"
1280,"Shakespeare, william, 1564-1616, adaptations"
1281,Critique et interprétation
1282,"Romeo and Juliet (Shakespeare, William)"
1283,Romeo (Fictitious character)
1284,Juliet (Fictitious character)
1285,English drama
1286,"Comics & graphic novels, literary"
1287,"Drama, collections"
1288,Translations
1289,Tragedies
1290,Man-woman relationship
1291,Motion picture plays
1292,Romeo and Juliet
1293,18.05 English literature
1294,Examinations
1295,Vendetta -- Drama
1296,Youth -- Drama
1297,Verona (Italy) -- Drama
1298,Juliet (Fictitious character) -- Drama
1299,Romeo (Fictitious character) -- Drama
1300,Conflict of generations -- Drama
1301,English drama (Tragedy)
1302,Translations into Spanish
1303,Early modern and Elizabethan
1304,Teatro inglés (Tragedia)
1305,Literatura inglesa
1306,Theater
1307,Aufführung
1308,Geschichte
1309,Caricatures and cartoons
1310,Cartoons and comics
1311,Caricatures et dessins humoristiques
1312,Translations into Tibetan
1313,Translations into German
1314,Literature and society
1315,"Shakespeare, william , 1564-1616"
1316,Conflict of generations--drama
1317,Vendetta--drama
1318,Youth--drama
1319,Pr2831.a2 b38 2009
1320,Romeo (fictitious character)--drama
1321,Juliet (fictitious character)--drama
1322,Vendetta--italy--verona--drama
1323,Foreign relations
1324,Bibliography
1325,Juvenile drama
1326,FICTION / Mystery & Detective / General
1327,FICTION / Thrillers
1328,FICTION / Suspense
1329,Detective and mystery fiction
1330,American detective and mystery stories
1331,diaries
1332,secrets
1333,victims of crimes
1334,Mystery & Detective fiction
1335,Desaparecidos
1336,NEW LIST 20120630
1337,Mystery & Detective
1338,nyt:combined-print-and-e-book-fiction=2012-06-24
1339,Marriage
1340,FICTION
1341,Suspense
1342,Thrillers
1343,Esposos
1344,Personas casadas
1345,Esposas maltratadas
1346,novels
1347,Civil rights movements
1348,Household employees
1349,African American women
1350,historical fiction
1351,Civil Rights Movement
1352,mothers
1353,nyt:hardcover_fiction=2009-03-29
1354,Housekeepers
1355,caregivers
1356,friends
1357,daughters
1358,Reading Level-Grade 6
1359,Small Town & Rural
1360,African American
1361,NEW LIST 20091215
1362,"Fiction, historical"
1363,"Mississippi, fiction"
1364,Derechos civiles
1365,Movimientos sociales
1366,Afronorteamericanos
1367,Mujeres
1368,Historia
1369,classics
1370,Labor Trilogy
1371,psychological fiction
1372,Goal (Psychology)
1373,western stories
1374,Vida ranchera
1375,Men
1376,People with mental disabilities
1377,Ranch life
1378,Drifters
1379,Retrasados mentales
1380,Vaqueros
1381,Cowboys
1382,Cowhands
1383,Farm life
1384,Cow-boys
1385,Vie rurale
1386,"California, fiction"
1387,"Voyages and travels, fiction"
1388,"People with disabilities, fiction"
1389,"West (u.s.), fiction"
1390,Littérature française
1391,Étude et enseignement
1392,Study guides
1393,"Of mice and men (Steinbeck, John)"
1394,Personnes ayant une déficience intellectuelle
1395,Vie au ranch
1396,Migrant labor
1397,American drama (dramatic works by one author)
1398,collectionID:bannedbooks
1399,Livres en gros caractères
1400,Large print books
1401,Hommes
1402,Juvcol
1403,Children's literature
1404,Theater programs
1405,Habimah
1406,mice
1407,Prostitution
1408,Geishas
1409,Women
1410,Japan
1411,"Japan, fiction"
1412,Mœurs et coutumes
1413,Translations into Korean
1414,FICTION / Contemporary Women
1415,Sexual dominance and submission
1416,FICTION / Romance / Contemporary
1417,Dominance (Psychology)
1418,College students
1419,Businessmen
1420,Contemporary Women
1421,Contemporary
1422,"Fiction, erotica"
1423,nyt:trade-fiction-paperback=2012-03-25
1424,Sexual attraction
1425,"Fiction, erotica, general"
1426,Businesspeople
1427,Erotic stories
1428,Domination et soumission (Sexualite)
1429,Vietnamese language materials
1430,Gens d'affaires
1431,Domination et soumission (Sexualité)
1432,erotic
1433,novel
1434,Adulterio
1435,Erotic fiction
1436,NOVELA INGLESA
1437,LITERATURA INGLESA
1438,NOVELA EROTICA
1439,Translations into Hindi
1440,Histoires érotiques
1441,Étudiants
1442,Women college students
1443,Authors
1444,Self-realization
1445,Dating violence
1446,Alchemists
1447,City and town life
1448,London (England)
1449,Comedies
1450,Literature: Classics
1451,"Alchemist (Jonson, Ben)"
1452,"Women, employment, great britain"
1453,English drama (Comedy)
1454,English drama -- 17th century
1455,London (England) -- Drama
1456,City and town life -- Drama
1457,Alchemists -- Drama
1458,Social control
1459,Control (Psychology)
1460,Memory
1461,Ethics
1462,Braille language materials
1463,Sci Fi
1464,"Children's literature, study and teaching"
1465,"Children's literature, examinations, questions, etc."
1466,Newbery Medal
1467,Classic
1468,YOUNG ADULT FICTION / Comics & Graphic Novels / Dystopian
1469,YOUNG ADULT FICTION / Comics & Graphic Novels / Fantasy
1470,YOUNG ADULT FICTION / Comics & Graphic Novels / Coming of Age
1471,Liberty
1472,Social prediction
1473,award:Newbery_award
1474,the Blitz
1475,fauns
1476,Turkish Delight
1477,lions
1478,English Children's stories
1479,Winter
1480,Science Fiction & Fantasy
1481,English Christian fiction
1482,Leones
1483,christianity
1484,Brujas
1485,siblings
1486,Bien y mal
1487,Lion
1488,JUVENILE FICTION / Fantasy & Magic
1489,Narnia (Imaginary place)
1490,JUVENILE FICTION / Classics
1491,Children
1492,Aslan the Lion (Fictitious character)
1493,JUVENILE FICTION / Action & Adventure
1494,Narnia (Lugar imaginario)
1495,"Narnia (imaginary place), fiction"
1496,"Lion, fiction"
1497,"Literature and fiction, fantasy"
1498,Accelerated Reader
1499,5.8.
1500,"Ukraïnsʹka pravoslavna hromada Uspinni︠a︡ Presvi︠a︡toĭ Bohorodyt︠s︡i v Valeĭ-Sureĭ, B.K."
1501,Ukraĭnsʹka pravoslavna gromada Uspínnja Presvjatoĭ Bogorodicí v Valeǰ-Sureǰ
1502,mutants
1503,love
1504,amputation
1505,time
1506,science fiction
1507,romance
1508,foreshadowing
1509,first-person narrative
1510,hypothermia
1511,frostbite
1512,miscarriage
1513,vasectomy
1514,stress
1515,Librarians
1516,Viaje a través del tiempo
1517,Women art students
1518,Bibliotecarios
1519,Time travel
1520,Viajes a través del tiempo
1521,"Fiction, romance, time travel"
1522,"Librarians, fiction"
1523,"Women artists, fiction"
1524,FICTION / Literary
1525,FICTION / Historical
1526,nyt:trade-fiction-paperback=2009-07-05
1527,Bibliothécaires
1528,Voyages dans le temps
1529,Couples mariés
1530,Étudiantes en art
1531,Women artists
1532,Librarians--fiction
1533,Time travel--fiction
1534,Married people--fiction
1535,Women art students--fiction
1536,Ps3564.i362 t56 2003b
1537,813/.54
1538,Adult
1539,High Fantasy
1540,Epic
1541,Epic Fantasy
1542,Epic Fiction
1543,Epic Literature
1544,Fantastic Fiction
1545,Moral Ambiguity
1546,Loyalty
1547,Civil War
1548,War and Conflict
1549,Imaginary Wars and Battles
1550,Guerras imaginarias
1551,Politics
1552,Intrigue
1553,Feudalism
1554,Royalty and Nobility
1555,Kings and Rulers
1556,Knights
1557,Courts and Courtiers
1558,Seasons
1559,Invierno
1560,Trial by Combat
1561,Voyages and Travels
1562,Walls
1563,Penal Colonies
1564,Dragons
1565,Supernatural
1566,Wights
1567,Folk Healers
1568,Incest
1569,Forced Marriage
1570,Persistent Vegetative States
1571,Imaginary Places
1572,Seven Kingdoms (Imaginary Place)
1573,Ignotus Award Winner
1574,Locus Award Winner
1575,New York Times Bestseller
1576,Reyes y soberanos
1577,Guerra civil
1578,nyt:trade_fiction_paperback=2011-09-10
1579,Accessible book
1580,Protected DAISY
1581,OverDrive
1582,nyt:mass-market-paperback=2011-04-10
1583,"Seven kingdoms (imaginary place), fiction"
1584,American Fantasy fiction
1585,general
1586,winter
1587,series:A Song of Ice and Fire
1588,Viajes
1589,Travel
1590,Biografía espiritual
1591,Biografía
1592,Description and travel
1593,Religious aspects of Self-realization
1594,Self-realization in women
1595,Spiritual biography
1596,Viaje
1597,Autoras estadounidenses
1598,Autores estadounidenses
1599,Religious aspects
1600,Travel writers
1601,Escritores de viajes
1602,nyt:paperback_nonfiction=2007-02-04
1603,Nonfiction
1604,Biography & Autobiography
1605,Mujeres estadounidenses
1606,Biography
1607,"Gilbert, Elizabeth, 1969- -- Travel"
1608,Travel writers -- United States -- Biography
1609,Spiritual formation
1610,Self-evaluation
1611,Anecdotes
1612,Self-actualization (Psychology)
1613,Influence
1614,Divorce
1615,Panic
1616,"Travels/Italy, India, and Indonesia"
1617,"Women, united states, biography"
1618,"Italy, description and travel"
1619,"India, description and travel"
1620,"Indonesia, description and travel"
1621,18.06 Anglo-American literature
1622,Voyages
1623,Biographies
1624,Ecrivaines voyageuses
1625,International travel
1626,Desarrollo de sí mismo
1627,Voyage
1628,Art d'écrire
1629,Spiritualism
1630,"Problems, exercises"
1631,Textbooks for foreign speakers
1632,Reading comprehension
1633,Readers (Adult)
1634,High interest-low vocabulary books
1635,English language
1636,Readers for new literates
1637,Travelers' writings
1638,Personal memoirs
1639,Biographies as Topic
1640,Authorship
1641,Serie:Percy_Jackson_and_the_Olympians
1642,Greek Mythology
1643,Camps
1644,nyt:series_books=2007-07-21
1645,"Mythology, Greek"
1646,Greek Gods
1647,"Camps, fiction"
1648,"Gods, fiction"
1649,"Legends, Myths, Fables"
1650,Gods and goddesses
1651,Colonies de vacances
1652,Amistad
1653,Campamentos
1654,Mitología griega
1655,Dieux grecs
1656,Jeunes filles
1657,Soeurs
1658,"Fiction, women"
1659,Literatura Norte Americana
1660,March family (Fictitious characters)
1661,"Family life, fiction"
1662,"New england, fiction"
1663,"March family (fictitious characters), fiction"
1664,"Mothers and daughters, fiction"
1665,Dictionaries
1666,Spanish
1667,Madre e hijas
1668,Mothers and daughters
1669,Young men
1670,Children: Grades 4-6
1671,German
1672,Literarne študije
1673,Little women
1674,", Japanese language books, New England, Novela estadounidense, Američki građanski rat, ljubav, obitelj, odrastanje, growing up, žene, New England in fiction, Sisters in fiction, Family life in fiction, Mothers and daughters in fiction, Young women in fiction, Family in fiction,"
1675,collections
1676,", American literature, New England -- Fiction, March family (Fictitious characters) -- Fiction, Sisters -- Fiction, Family life -- New England -- Fiction, Mothers and daughters -- Fiction, Young women -- Fiction, Autobiographical fiction, Children, Children's, Kids, Juvenile, American, Classic, Literature, Historical, Mothers, Daughtes, Married women, Orphans, Coming of life, Manners, Customs, Conduct of life, Social life, open_syllabus_project, Mother-daughter relationship, Folklore, Reading Level-Grade 5, Reading Level-Grade 4, Reading Level-Grade 7, Reading Level-Grade 6, Reading Level-Grade 8,"
1677,biographical
1678,", Buried treasure, Pirates, Adventure and adventurers, Robin Hood (Legendary character), Legends, English Adventure stories, Jungle animals, Feral children, Jungles, Animals, Short stories, Adaptations,"
1679,historical
1680,","
1681,", Chang pian xiao shuo, Zhang pian xiao shuo, AR 8.6.,"
1682,Treasure island (imaginary place)
1683,", British and irish fiction (fictional works by one author), Coming of age, Spanish language materials, Famille March (Personnages fictifs),"
1684,nouvelles
1685,etc. pour la jeunesse
1686,", Mères et filles, Jeunes femmes, Sœurs, Familles, Madres e hijas, Novela juvenil, Jóvenes (Mujeres), Materiales en español, Novela, FICTION / Classics, Hermanos, Familia,"
1687,Little women (Alcott
1688,Louisa May)
1689,", Literature: Classics, Young Adult Books, Romance, Drama, Roman pour la jeunesse, Famille, Frères et soeurs,"
1690,"Historical"""
1691,"Charity schools, fiction"
1692,Married men
1693,"Country homes, fiction"
1694,"Orphans, fiction"
1695,"Married men, fiction"
1696,"Mentally ill women, fiction"
1697,"Family secrets, fiction"
1698,"Manners and customs, fiction"
1699,"Upper class, fiction"
1700,Gothic fiction
1701,"Governesses, fiction"
1702,Detente
1703,Landowners
1704,Americans
1705,"New School for Social Research (New York, N.Y. : 1919-1997)"
1706,Teddy bears
1707,Frau
1708,"Jane Eyre (Brontë, Charlotte)"
1709,"Literature and fiction, women authors"
1710,"Comics & graphic novels, general"
1711,Secrecy
1712,Governesses in literature
1713,Japanese fiction
1714,Gouvernantes
1715,Governesses--england--fiction
1716,Pr4167.j5 d38 2006
1717,823.8
1718,Pr4167 .j3 2000
1719,823/.8
1720,Pr4167.j5 l88 2016
1721,"Fiction, sagas"
1722,Governesses
1723,Mentally ill women
1724,Charity-schools
1725,Country homes
1726,Rape victims
1727,Feminism
1728,Sotho language
1729,English
1730,Oral reading
1731,Older people
1732,Ancianos
1733,Aged
1734,Oral reading -- Fiction
1735,Older people -- Fiction
1736,North Carolina -- Fiction
1737,"North Carolina, fiction"
1738,Kärlek
1739,-- North Carolina -- Fiction
1740,--north carolina--fiction
1741,Oral reading--fiction
1742,Older people--fiction
1743,Ps3569.p363 n68 2004
1744,813.54
1745,Zoo animals
1746,Tigers
1747,Tiger
1748,award:man_booker_prize=2002
1749,Man Booker Prize Winner
1750,Storytelling
1751,Ocean travel
1752,Ithaca College First-Year Reading Initiative
1753,Human-animal relationships
1754,Integracji i Globalizacji Centrum Badawcze Transformacji
1755,Religion
1756,Relations homme-animal
1757,Schiffbruch
1758,Human-animal relationship
1759,Überleben
1760,"Survie après accidents d'avion, naufrages"
1761,Männliche Jugend
1762,Animal Population Groups
1763,Zähmung
1764,Faszination
1765,Indischer Jugendlicher
1766,Survival at sea
1767,Shipwreck victims
1768,nyt:trade-fiction-paperback=2012-10-21
1769,Naufragés
1770,Tigres
1771,"Pacifique, Océan"
1772,Muchachos adolescentes
1773,Narración de cuentos
1774,Relatos de aventura
1775,Viajes por mar
1776,Relaciones hombre-animal
1777,"Supervivencia (después de accidentes aéreos, naufragios, etc.)"
1778,Animales zoológicos
1779,Huérfanos
1780,LITERARY CRITICISM
1781,American
1782,"Life of Pi (Martel, Yann)"
1783,"Fiction, sea stories"
1784,"India, fiction"
1785,Togers
1786,circus performers
1787,depression era
1788,elephants
1789,nyt:combined-print-and-e-book-fiction=2011-02-13
1790,Circus
1791,Depressions
1792,Novela histórica
1793,Circo
1794,Crisis económicas
1795,Artistas
1796,Training
1797,nyt:e-book_fiction=2011-03-12
1798,"Great Depression, 1929-1939"
1799,collectionID:EanesChallenge
1800,Parents
1801,Circus animals
1802,Trainagles (Interpersonal relations)
1803,Triangles (Interpersonal relations)
1804,nyt:young-adult-paperback-monthly=2022-09-04
1805,Jews
1806,"World War, 1939-1945"
1807,Rescue
1808,Novela australiana
1809,Livres et lecture
1810,Juifs
1811,"Guerre mondiale, 1939-1945"
1812,Sauvetage
1813,Libros y lectura
1814,Judios
1815,"Guerra Mundial II, 1939-1945"
1816,Book thefts
1817,Jews rescue (1939-1945 : World War) fast (OCoLC)fst01710189
1818,World War (1939-1945) fast (OCoLC)fst01180924
1819,"Death, fiction"
1820,"Germany, history, fiction"
1821,"Jews, history, fiction"
1822,"World war, 1939-1945, fiction"
1823,"Storytelling, fiction"
1824,"Books and reading, fiction"
1825,Art de conter
1826,World war ii
1827,Gestapo
1828,Judaism
1829,Nazi
1830,Nazi germany
1831,Muerte
1832,Judíos
1833,Nyt:paperback_books=2007-09-09
1834,Jews rescue
1835,German history
1836,Books
1837,Reading
1838,Guerra mundial ii
1839,Mothers
1840,Family problems
1841,Death (personification)
1842,Germany
1843,Mechanical Hound
1844,girl next door
1845,Terrorismo estatal
1846,Censura
1847,political fiction
1848,satire
1849,State-sponsored terrorism
1850,Book burning
1851,Censorship
1852,American Science fiction
1853,award:retro_hugo
1854,Terrorismo
1855,Totalitarianisms
1856,Bücherverbrennung
1857,Terrorisme d'État
1858,Autodafé de livres
1859,Education
1860,Language arts
1861,"Fiction, horror"
1862,"Science fiction, american"
1863,Book burning--fiction
1864,Censorship--fiction
1865,State-sponsored terrorism--fiction
1866,Ps3503.r167 f3 2012
1867,Child authors
1868,"Starr, emily byrd (fictitious character), fiction"
1869,"Canada, fiction"
1870,Humorous poetry
1871,American Humorous poetry
1872,Children's poetry
1873,American poetry
1874,"Children's poetry, American"
1875,Humorous poetry.
1876,Poesía infantil
1877,Poesía infantil estadounidense
1878,Poesía humorística
1879,Humorous Stories
1880,Poetry
1881,Wit and humor
1882,Demonology
1883,Horror stories
1884,Horror tales
1885,Paranormal fiction
1886,Dark Fantasy
1887,Horror fiction
1888,"Supernatural, fiction"
1889,"Demonology, fiction"
1890,nyt:series_books=2010-07-10
1891,The Mortal Instruments Series
1892,magic
1893,Shadowhunters
1894,demons
1895,Hunters
1896,Monsters
1897,Demonología
1898,Sobrenatural
1899,Cuentos de terror
1900,Clary Fray (Fictitious character)
1901,Simon Lewis (Fictitious character)
1902,Démonologie
1903,Roman occulte
1904,Novela de misterio
1905,Hombres lobo
1906,Novela de terror
1907,Vampires in fiction
1908,Interpersonal relations in fiction
1909,Werewolves in fiction
1910,High schools in fiction
1911,"Werewolves, fiction"
1912,vampire
1913,Translations into French
1914,"Romans, ouvrages, etc. pour la jeunesse"
1915,Vietnamese fiction
1916,Liebe
1917,Vampiers
1918,Verliefdheid
1919,Jeugdboeken ; verhalen
1920,violence
1921,humans
1922,fighting
1923,Mythical Creatures
1924,Youths' writings
1925,nyt:series-books=2008-10-05
1926,Heather's Pick
1927,nyt:series_books=2011-06-11
1928,Fiction - Science Fiction
1929,Fiction - Fantasy
1930,Spanish: Grades 3-4
1931,Fantasy - General
1932,Fairy Tales & Folklore - General
1933,Fairy Tales & Folklore - Single Title
1934,"Dragons, fiction"
1935,Dragones
1936,Fantasmes
1937,Juvenile Fantasy
1938,Phantastische Erzählung
1939,Écrits de jeunes
1940,Flucht
1941,Bedrohung
1942,Drache
1943,Erwachsenwerden
1944,comic science fiction
1945,Vogons
1946,Humorous fiction
1947,Imaginary voyages
1948,wit and humour
1949,Interstellar travel
1950,Interplanetary voyages
1951,Life on other planets
1952,Ford Prefect (Fictitious character)
1953,Arthur Dent (Fictitious character)
1954,Humorous stories
1955,Viajes interplanetarios
1956,Language readers
1957,Radio plays
1958,"Fiction, humorous"
1959,"Dent, arthur (fictitious character), fiction"
1960,"Prefect, ford (fictitious character), fiction"
1961,"Fiction, science fiction, action & adventure"
1962,Christian life
1963,Indians of North America
1964,"Fiction, humorous, general"
1965,New age movement
1966,Humorous
1967,Action & adventure
1968,Space opera
1969,English & college success -> english -> fiction
1970,English & college success -> english -> humor
1971,Fiction in English
1972,Utopias
1973,Moral and ethical aspects of Science
1974,Science and state
1975,Social problems
1976,Passivity (Psychology)
1977,Culture
1978,Propaganda
1979,Genetic engineering
1980,Science
1981,Collectivism
1982,Lavado de cerebro
1983,Science-fiction anglaise
1984,Gesellschaft
1985,Moral and ethical aspects
1986,Totalitarismus
1987,Spanish fiction
1988,Capitalism
1989,Dystopia
1990,class systems
1991,London
1992,capitalist civilization
1993,English Science fiction
1994,Control (Psicología)
1995,Aspectos morales y éticos
1996,Ciencia y Estado
1997,Ciencia
1998,collectionID:ConroeChallenge
1999,Audiobooks
2000,Atomic bomb
2001,Desertification
2002,Radioactive pollution
2003,Environmental aspects
2004,Nature
2005,Effect of human beings on
2006,Realism in literature
2007,Fiction in english
2008,Angleška književnost
2009,Human behavior
2010,Forecasting
2011,Passivité (Psychologie)
2012,Collectivisme
2013,series:Luz_e_Escuridão School stories
2014,"Marriage, fiction"
2015,Matrimonio
2016,Mystery and detective stories
2017,Dating (Social customs)
2018,Ouvrages de fiction
2019,"Swan, Bella (Personnage fictif)"
2020,"Cullen, Edward (Personnage fictif)"
2021,"Black, Jacob (Personnage fictif)"
2022,Loups-garous
2023,Zwangerschap
2024,Mariage
2025,"Cullen, Edward (Fictitious character"
2026,South Carolina in fiction
2027,Beekeepers
2028,Maternal deprivation
2029,African American women in fiction
2030,Beekeepers in fiction
2031,Maternal deprivation in fiction
2032,Race relations in fiction
2033,Sisters in fiction
2034,Teenage girls in fiction
2035,Racism
2036,Beekeeping
2037,Teenage boy/girl relations
2038,Secrets
2039,"South carolina, fiction"
2040,Afrcian American Women
2041,nyt:trade-fiction-paperback=2008-07-06
2042,Spiders
2043,Swine
2044,Massachusetts Children's Book Award winner
2045,Pets
2046,Pigs
2047,Folklore
2048,American farm life
2049,Cerdos
2050,Arañas
2051,Vida agrícola
2052,For National Curriculum Key Stage 2
2053,English (ie as school subject)
2054,Spanish stories
2055,Award winning books
2056,Newbery Honor
2057,"Spiders, fiction"
2058,"Pigs, fiction"
2059,"Domestic animals, fiction"
2060,"Farm life, fiction"
2061,Stuart Little (Fictitious character)
2062,Trumpeter swan
2063,Mice
2064,Swans
2065,Stories
2066,Materiales en español
2067,"Pets, fiction"
2068,"Insects, fiction"
2069,"Authors, juvenile literature"
2070,"Domestic animals, juvenile literature"
2071,Porcs
2072,Exploitations agricoles
2073,Araignées
2074,"Children's stories, Italian"
2075,Newbery Honor book
2076,crianÃ§a
2077,Autism
2078,Asperger's syndrome
2079,Dogs
2080,Savants (Savant syndrome)
2081,Mutterentbehrung
2082,Tötung
2083,Alltag
2084,Asperger-Syndrom
2085,Konflikt
2086,Puzzles
2087,Autistic Disorder
2088,Roman pour la jeunesse anglophone
2089,Autistic youth
2090,Autism in children
2091,Aspergers syndrom
2092,The
2093,Curious
2094,Incident
2095,Of
2096,Dog
2097,In
2098,Night
2099,Time
2100,"Fiction, crime"
2101,Children's plays
2102,Autismo
2103,Sabios (Síndrome del sabio)
2104,Begabung
2105,Ma nnliche Jugend
2106,Swindon
2107,Traductions françaises
2108,Autisme
2109,Enfant autiste
2110,Autisme infantile dans la littérature
2111,Littérature anglaise
2112,Personas excepcionales
2113,Autism in literature
2114,Asperger's syndrome in literature
2115,Guides de l'étudiant
2116,Idiots-savants
2117,"Curious incident of the dog in the night-time (Haddon, Mark)"
2118,Fathers and sons
2119,Adolescents autistes
2120,Chiens
2121,Pères et fils
2122,Ouvrages pour la jeunesse
2123,Enquêtes criminelles
2124,Autiste
2125,Idiot-savant
2126,Witnesses
2127,Alcoholics
2128,Commuters
2129,Railroad travel
2130,Strangers
2131,nyt:mass-market-paperback=2016-09-11
2132,Railroads
2133,nyt:hardcover-fiction=2015-02-01
2134,Political theology
2135,Polar bears
2136,Kidnapping
2137,Children and adults
2138,Experiments
2139,"Belacqua, Lyra (Personaje literario)"
2140,Experimentos
2141,Imaginary places
2142,Lugares imaginarios
2143,Lyra Belacqua (Fictitious character)
2144,Novela fantástica inglesa
2145,"Parry, Will (Personaje literario)"
2146,Secuestro
2147,Will Parry (Fictitious character)
2148,Artic regions
2149,"Belacqua, Lyra (Fictitious character) -- Juvenile fiction"
2150,Missing persons -- Experiments -- Juvenile fiction
2151,Kidnapping -- Juvenile fiction
2152,JUVENILE FICTION -- Action & Adventure
2153,JUVENILE FICTION -- Fantasy & Magic
2154,JUVENILE FICTION -- Social Themes -- Self-Esteem & Self-Reliance
2155,"Belacqua, Lyra (Fictitious character)"
2156,Missing persons -- Experiments
2157,Missing persons -- Fiction
2158,Kidnapping -- Fiction
2159,Arctic regions -- Juvenile fiction
2160,Arctic Regions
2161,Arctic regions -- Fiction
2162,skjønnlitteratur
2163,Amitie
2164,Enlevement
2165,"Belacqua, lyra (fictitious character), fiction"
2166,Action & Adventure - General
2167,Children's 12-Up - Fiction - Fantasy
2168,Children's Books - Young Adult
2169,Children: Young Adult (Gr. 7-9)
2170,Geographical myths
2171,Mythical Animals
2172,Carnegie Medal
2173,Teens
2174,Fiction - General
2175,Spanish: Adult Fiction
2176,Teenage fiction
2177,"Spanish language, juvenile literature"
2178,"Spanish language, readers"
2179,The Marvelous
2180,Dämon
2181,Entführung
2182,Menschenversuch
2183,Mädchen
2184,Zigeuner
2185,"Great britain, fiction"
2186,"Teachers, fiction"
2187,Familiars (Spirits)
2188,form:novel
2189,genre:tragedy
2190,genre:gothic
2191,Classic fiction
2192,Country life
2193,English language readers
2194,family life
2195,Foundlings
2196,Historical Fiction
2197,Inheritance and succession
2198,Landscape in literature
2199,Rejection (Psychology)
2200,romantic fiction
2201,Rural families
2202,slavery
2203,tragedy
2204,Revenge -- Fiction
2205,Rejection (Psychology) -- Fiction
2206,Yorkshire (England) -- Fiction
2207,Foundlings -- Fiction
2208,Rural families -- Fiction
2209,Heathcliff (Fictitious character : Brontë) -- Fiction
2210,Triangles (Interpersonal relations) -- Fiction
2211,"Heathcliff (fictitious character), fiction"
2212,Triangle (Relations humaines)
2213,Rejet (Psychologie)
2214,Familles rurales
2215,Enfants trouvés
2216,"Wuthering Heights (Brontë, Emily)"
2217,Triangles (Interpersonal relationships)
2218,Yorkshire (England)
2219,Femmes
2220,Heathcliff (Fictitious character)
2221,Catherine Earnshawm (Fictitious character)
2222,English Gothic fiction
2223,Wuthering heights (Emily Brontë)
2224,"Comic books, strips, etc."
2225,"Literature, collections"
2226,Foundlings in fiction
2227,Rural families in fiction
2228,Revenge in fiction
2229,Landscape in literature in fiction
2230,Slavery in fiction
2231,Reading books
2232,Country life in fiction
2233,Orphans in fiction
2234,Study and teaching
2235,Love in fiction
2236,Heathcliff (Fictitious character : Brontë)
2237,Social conflict
2238,Triangles (interpersonal relations)--fiction
2239,Revenge--fiction
2240,Pr4172 .w7 2009c
2241,Hl 2083
2242,"Bronte, emily, 1818-1848"
2243,Beuve de Hanstone (Legendary character)
2244,Texts
2245,Jodi Picoult
2246,Movie Tie-in
2247,American Domestic
2248,Daughters
2249,Leukemia
2250,Sick children
2251,Morals
2252,Morality
2253,Ethical
2254,Donors
2255,Bone
2256,Marrow
2257,Organ
2258,Genetic
2259,Engineering
2260,Hospital
2261,Patient
2262,Blood
2263,Transfusions
2264,Transplants
2265,Needles
2266,Bruising
2267,Successful? Not? Muchachas adolescentes
2268,Madre e hija
2269,Novela doméstica
2270,Leucemia
2271,Pacientes
2272,Organ donors
2273,Family Life
2274,"Donation of organs, tissues"
2275,Mother-daughter relationship
2276,Realistic Fiction
2277,nyt:mass-market-paperback=2009-06-07
2278,Famille
2279,Donneurs d'organes
2280,Enfants malades
2281,Mères et filles
2282,Leucémiques
2283,Bone marrow
2284,Transplantation
2285,American science fiction
2286,bombing of Dresden
2287,Open Library staff picks
2288,military fiction
2289,war stories
2290,World War II
2291,literature and the war
2292,free will and determinism
2293,Boats and boating
2294,"Fiction, war & military"
2295,"Vonnegut, kurt, 1922-2007"
2296,"American literature, history and criticism"
2297,Destruction and pillage
2298,Literatură americană
2299,Prisoners of war
2300,Children and war
2301,"Guerra Mundial 11, 1939-1945"
2302,American Spy stories
2303,Bildungsroman
2304,history
2305,United States Civil War
2306,Pulitzer Prize Winner
2307,award:pulitzer_prize=fiction
2308,award:pulitzer_prize=1937
2309,Plantation life
2310,"United States -- History -- Civil War, 1861-1865 -- Fiction."
2311,American Civil War (1861-1865) fast (OCoLC)fst01351658
2312,"Georgia, fiction"
2313,"United states, history, civil war, 1861-1865, fiction"
2314,"O'hara, scarlett (fictitious character), fiction"
2315,Sezessionskrieg
2316,Südstaaten
2317,Scarlett O'Hara (Fictitious character)
2318,"O'Hara, Scarlett (Fictitious character) -- Fiction"
2319,"O'Hara, Scarlett (Fictitious character)"
2320,Women -- Georgia -- Fiction
2321,Plantations -- Georgia -- History -- 19th century -- Fiction
2322,"Plantations -- Géorgie (État) -- Histoire -- 19e siècle -- Romans, nouvelles, etc"
2323,Plantations
2324,"Georgia -- History -- Civil War, 1861-1865 -- Fiction"
2325,"Géorgie (État) -- Histoire -- 1861-1865 (Guerre de Sécession) -- Romans, nouvelles, etc"
2326,Georgia
2327,Translations into Japanese
2328,Slave trade
2329,African Continental Ancestry Group
2330,Economics
2331,Powieści
2332,Vie dans les plantations
2333,Manuskript
2334,Epistolary fiction
2335,Diary novels
2336,high school students
2337,social conditions
2338,teenagers
2339,letters
2340,diary fiction
2341,coming of age
2342,introversion
2343,sexuality
2344,drug use
2345,mental health
2346,coming-of-age
2347,music
2348,infinite
2349,abuse
2350,repression
2351,friendship
2352,Loss (Psychology)
2353,"Diaries, fiction"
2354,"Emotions, fiction"
2355,Translations into Vietnamese
2356,nyt:paperback-books=2012-06-24
2357,"Letters, fiction"
2358,Adolescents
2359,Conditions sociales
2360,Lettres (Genre littéraire)
2361,Epistolary novels
2362,High school students--social conditions
2363,High school students--social conditions--fiction
2364,High school students--social conditions--juvenile fiction
2365,Teenagers--juvenile fiction
2366,Letters--juvenile fiction
2367,High school students--juvenile fiction
2368,Adolescence--juvenile fiction
2369,Ps3553.h3469 p47 1999
2370,faction
2371,Grief
2372,Practical Politics
2373,JUVENILE FICTION / Love & Romance
2374,JUVENILE FICTION / Dystopian
2375,JUVENILE FICTION / Social Themes / Adolescence
2376,JUVENILE FICTION / Girls & Women
2377,JUVENILE FICTION / Science Fiction
2378,JUVENILE FICTION / Social Issues / Adolescence
2379,Girls & Women
2380,nyt:chapter-books=2012-05-20
2381,Chagrin
2382,Loyauté
2383,Conducta (Ética)
2384,nyt:mass_market_paperback=2011-07-30
2385,military education
2386,end of the world
2387,prize:nebula
2388,hegemony
2389,space warfare
2390,child soldiers
2391,The Ender Quintet
2392,automation
2393,data processing
2394,aliens
2395,Military art and science
2396,Hermanos
2397,Maniobras de guerra
2398,award:hugo_award=1986
2399,War games
2400,"Children's stories, American"
2401,Artificial intelligence
2402,Ender Wiggin (Fictitious character)
2403,"Wiggin, ender (fictitious character), fiction"
2404,"Battle school (imaginary place), fiction"
2405,"Fiction, science fiction, hard science fiction"
2406,"Brothers and sisters, fiction"
2407,Science-Fiction-Literatur
2408,Krieg
2409,Außerirdische Intelligenz
2410,award:nebula_award=novel
2411,Peter Wiggin (Fictitious character)
2412,"Siblings, fiction"
2413,Bean (Fictitious character : Card)
2414,Frankenstein (Fictitious character)
2415,Frankenstein's monster (Fictitious character)
2416,Victor Frankenstein (Fictitious character)
2417,Scientists
2418,"Frankenstein (fictitious character), fiction"
2419,"Physicians, fiction"
2420,British fiction (fictional works by one author)
2421,"Scientists, fiction"
2422,"Geneva (Switzerland), fiction"
2423,"Frankenstein (Shelley, Mary Wollstonecraft)"
2424,"Fiction, gothic"
2425,"Monsters, fiction"
2426,"Comics & graphic novels, science fiction"
2427,"Comics & graphic novels, horror"
2428,"Shelley, Mary Wollstonecraft, 1797-1851"
2429,"English fiction (collections), 19th century"
2430,"Literature and fiction, horror and ghost stories"
2431,"Science fiction, history and criticism"
2432,"Horror tales, history and criticism"
2433,Monstrous
2434,literary criticism
2435,English Horror tales
2436,Scientists in literature
2437,Monsters in literature
2438,"Science, experiments, fiction"
2439,Reincarnation
2440,Vida espiritual
2441,Arte de vivir
2442,"Switzerland, fiction"
2443,"Literature, history and criticism"
2444,Monstres
2445,Classic science fiction
2446,Horror and supernatural fiction
2447,Science in literature
2448,Illustration
2449,"English language, juvenile literature"
2450,"Shelley, Mary Wollstonecraft, 1797-1851. Frankenstein"
2451,"Frankenstein, Victor (Fictitious character) -- Fiction"
2452,Frankenstein's monster (Fictitious character) -- Fiction
2453,Scientists -- Fiction
2454,Monsters -- Fiction
2455,Frankenstein’s monster (Fictitious character)
2456,Frankenstein’s monster
2457,Monsters--fiction
2458,"Frankenstein, victor (fictitious character)"
2459,"Frankenstein, victor (fictitious character)--fiction"
2460,Pr5397 .f7 1992
2461,823.7 f
2462,"Frankenstein, victor"
2463,Frankenstein's monster
2464,Scientists--fiction
2465,"Frankenstein, victor (fictional character)"
2611,Homeless persons
2466,"Frankenstein, victor (fictional character)--fiction"
2467,Frankenstein (fictional character)
2468,Frankenstein (fictional character)--fiction
2469,Pr5397 .f7 2003c
2470,823/.7
2471,Fic004000
2472,Pr5397 .f7 1969
2473,Pr5397 .f7 2008f
2474,823.7
2475,Science & technology in literature
2476,Literary styles & movements - fiction
2477,Books at the movies
2478,Occupations - fiction
2479,English fiction & prose literature - general & miscellaneous - literary criticism
2480,Horror literature - literary criticism
2481,Scot
2482,Pr5397 .f7 2007
2483,"Shelley, mary wollstonecraft , 1797-1851"
2484,Pr5397 .f7 2012
2485,Horror
2486,Gothic
2487,Mary shelley
2488,Mary wollstonecraft shelley
2489,Women authors
2490,Rhetoric
2491,Ya
2492,Young adult
2493,Hardcovers
2494,Paperback
2495,Ebook
2496,Audio-book
2497,Tales
2498,Madness
2499,Mad
2500,Life conduct
2501,Frankenstein (personaje literario)
2502,Monstruos
2503,Conducta (etica)
2504,ghost
2505,Frankenstein films
2506,African american women
2507,Pr5397 .f7 2012d
2508,Pr5397 .f7 2008d
2509,823
2510,Victor Frankenstein (Fictional character)
2511,Criticism & interpretation
2512,horror fiction
2513,demonology
2514,precognition
2515,authors
2516,hotelkeepers
2517,gothic & horror
2518,paranormal fiction suspense & thriller
2519,horror
2520,supernatural thrillers
2521,ghost fiction
2522,horror tales
2523,haunted houses
2524,backstories
2525,property
2526,caretakers
2527,cabin fever
2528,alcoholism
2529,plays
2530,psychics
2531,telepathy
2532,clairvoyance
2533,ghosts
2534,topiary
2535,roque
2536,"Fiction, occult & supernatural"
2537,"Torrance, jack (fictitious character), fiction"
2538,"Colorado, fiction"
2539,nyt:e-book-fiction=2013-10-13
2540,"Fiction, thrillers, psychological"
2541,Hotels
2542,Occultism
2543,Extrasensory perception
2544,Strategy
2545,Military history
2546,Horror & ghost stories
2547,Horror - General
2548,Fiction - Horror
2549,Fiction / Horror
2550,Betrayal in fiction
2551,Biological invasions
2552,Spirit possession in fiction
2553,nyt:mass_market_paperback=2011-08-13
2554,Biological invasions in fiction
2555,Spirit possession
2556,Accelerated readers (BUR)
2557,"Fiction, romance, paranormal"
2558,"Fiction, romance, paranormal, general"
2559,"Death, Grief, Bereavement"
2560,Private schools
2561,"Drugs, Alcohol, Substance Abuse"
2562,"Boarding schools, fiction"
2563,"Alabama, fiction"
2564,Michael L. Printz Award
2565,Internados (Escuelas)
2566,nyt:paperback-books=2012-07-29
2567,YOUNG ADULT FICTION / Social Themes / Death & Dying
2568,"YOUNG ADULT FICTION / Social Themes / Drugs, Alcohol, Substance Abuse"
2569,YOUNG ADULT FICTION / Social Themes / Dating & Sex
2570,Vie
2571,Philosophie
2572,single women
2573,Diary fiction
2574,human relationships
2575,Humour
2576,Dieting for women
2577,Publishing
2578,English Humous fiction
2579,English Diary novels
2580,Office romance
2581,Single people
2582,Solteras
2583,Single women -- England -- Fiction
2584,"Single women, fiction"
2585,"Jones, bridget (fictitious character), fiction"
2586,Partnerwahl
2587,Femmes seules
2588,Diaries
2589,Bridget Jones (Fictitious character)
2590,"Inheritance and succession, fiction"
2591,"Mate selection, fiction"
2592,"Social classes, fiction"
2593,Text-books for foreigners
2594,"Young women,  fiction"
2595,Didactic fiction
2596,"Social life and customs, fiction"
2597,"Love stories, English"
2598,Classism
2599,"Courtship, fiction"
2600,Economic aspects
2601,"English literature, history and criticism, 19th century"
2602,English Literature
2603,Ying guo
2604,England -- Social life and customs -- 19th century -- Fiction
2605,Gentry -- England -- Fiction
2606,Choix du conjoint
2607,English Satire
2608,Paper work
2609,"Austen, jane , 1775-1817"
2610,Fluch
2612,Juvenile corrections
2613,Treasure troves
2614,Treasure-trove
2615,Judicial error
2616,Buried treasure
2617,Juvenile delinquency
2618,Erlo sung
2619,U berleben
2620,Straflager
2621,Delincuencia juvenil
2622,Ahnen
2623,Lesen
2624,Personas sin hogar
2625,Juvenile delinquency -- Fiction
2626,Homeless persons -- Fiction
2627,Friendship -- Fiction
2628,Buried treasure -- Fiction
2629,Reading Level-Grade 5
2630,Reading Level-Grade 4
2631,"Juvenile delinquency, fiction"
2632,"Homeless persons, fiction"
2633,"Buried treasure, fiction"
2634,Newbery Award Winner 1999
2635,Juevnile literature
2636,Punishment
2637,Self-perception
2638,Deserts
2639,Erlösung
2640,Homeless person
2641,"Texas, fiction"
2642,lexile:660
2643,lexile_range:601-700
2644,age:min:9
2645,age:max:undefined
2646,grade:min:5
2647,grade:max:6
2648,Sans-abri
2649,Recherche
2650,Trésors
2651,Délinquance juvénile
2652,Fashion editors
2653,Women editors
2654,Periodicals
2655,Supervisors
2656,Supervisores
2657,Novela humorística
2658,Editores financieros
2659,Revistas
2660,"Publishers and publishing, fiction"
2661,Greek Epic poetry
2662,Classical Epic poetry
2663,loss
2664,loneliness
2665,"Princes, fiction"
2666,Princes
2667,Continental european fiction (fictional works by one author)
2668,"French language, readers"
2669,"Travel, fiction"
2670,"Children's stories, French"
2671,Pride and vanity
2672,Asteroids
2673,Príncipes
2674,Philosophy
2675,Princes -- Juvenile fiction
2676,Air pilots -- Juvenile fiction
2677,Friendship -- Juvenile fiction
2678,"Princes -- Romans, nouvelles, etc. pour la jeunesse"
2679,"Pilotes d'aéronef -- Romans, nouvelles, etc. pour la jeunesse"
2680,Pilotos aéreos -- Novela juvenil
2681,Príncipes -- Novela juvenil
2682,Cuentos de hadas
2683,Air pilots
2684,Novela fantástica
2685,Deaf children
2686,Legends
2687,Foxes
2688,"Children's literature, french"
2689,Translations into english
2690,Short novel
2691,Extraterrestrial beings
2692,Planets
2693,Fiction - general
2694,French Fantasy fiction
2695,Poor
2696,Problem families
2697,Dysfunctional families
2698,Case studies
2699,Family relationships
2700,nyt:paperback_nonfiction=2007-03-03
2701,Children of alcoholics
2702,War
2703,Child of Impaired Parents
2704,Family Relations
2705,"West virginia, biography"
2706,Rural poor
2707,"Poor, united states"
2708,"Journalists, biography"
2709,nyt:e-book-nonfiction=2011-02-13
2710,Casos de estudio
2711,Biografi a.
2712,Hijos de padres alcoho licos
2713,Desamparados
2714,Pobres
2715,Familias problema ticas
2716,Relaciones familiares
2717,Familias problemáticas
2718,Hijos de padres alcohólicos
2719,Childhood and youth
2720,Women journalists
2721,Pobreza
2722,Hijos de alcohólicos
2723,Poverty
2724,Relaciones de familia
2725,Problemas familiares
2726,Enfance et jeunesse
2727,Enfants d'alcooliques
2728,Familles inadaptées
2729,"Cas, Études de"
2730,Pauvres
2731,Relations familiales
2732,Enfant d'alcoolique
2733,Famille dysfonctionnelle
2734,Itinérance
2735,Jeunesse (Biographie)
2736,Pauvreté
2737,Biographie
2738,Enfant de parents alcooliques
2739,Document
2740,Adult Children
2741,Personal Narratives
2742,Alcoholism
2743,"Walls, jeannette"
2744,Children of alcoholics--united states--biography
2745,Children of alcoholics--west virginia--welch--biography
2746,Dysfunctional families--united states--case studies
2747,Dysfunctional families--west virginia--welch--case studies
2748,Poor--west virginia--welch--biography
2749,Homeless persons--family relationships
2750,Homeless persons--new york (state)--new york--family relationships
2751,Homeless persons--family relationships--new york (state)--new york
2752,Hv5132 .w35 2005
2753,Ws 105.5.f2 w215g 2005
2754,362.82/092 b
2755,Social work & human services
2756,General & miscellaneous biography
2757,United states studies
2758,Family memoirs - biography
2759,Public affairs & policies
2760,Patient narratives
2761,Travelers
2762,Journeys
2763,Wayfaring life
2764,Hitchhiking
2765,Discovery and exploration
2766,Alaska and the West
2767,Adventurers
2768,nyt:expeditions-disasters-and-adventures=2014-12-07
2769,"Alaska, biography"
2770,"West (u.s.), biography"
2771,Discovery And Exploration (General)
2772,Outdoor Life
2773,Biography / Autobiography
2774,Travel - General
2775,Regional Subjects - West
2776,Travel / Adventure
2777,Special Interest - Adventure
2778,Alaska
2779,United States
2780,West (U.S.)
2781,"McCandless, Christopher Johnson, 1968-1992"
2782,"Alaska, history"
2783,"Mccandless, christopher johnson , 1968-1992"
2784,Adventure and adventurers--united states--biography
2785,Wayfaring life--alaska
2786,Wayfaring life--west (u.s.)
2787,Hitchhiking--alaska
2788,Hitchhiking--west (u.s.)
2789,Ct9971.m38 k73 1997
2790,917.9804/5
2791,Aventurers
2792,Biografia
2793,Wildnis
2794,Expedities
2795,Natuur
2796,Wilderness
2797,Life Style
2798,British
2799,Executions and executioners
2800,Lookalikes
2801,Padre e hija
2802,Pères et filles
2803,Roman français
2804,Sosies
2805,War stories
2806,Reign of Terror
2807,storming of the Bastille
2808,French Revolution
2809,Guillotine
2810,French
2811,IIIT
2812,French fiction
2813,Comics & graphic novels
2814,Readers' theater
2815,"Children's plays, American"
2816,"France, history, revolution, 1789-1799, fiction"
2817,"London (england), history, fiction"
2818,"Paris (france), history, fiction"
2819,LANGUAGE & LITERARY STUDIES
2820,Revolution
2821,Political refugees
2822,Revolution (France : 1789-1799)
2823,revolution 1789-1799
2824,Reference books
2825,Translations in Japanese
2826,Japanese literature
2827,Juvenile Nonfiction
2828,Children: Grades 3-4
2829,"History Revolution, 1789-1799--Fiction"
2830,dichogamy
2831,corporate espionage
2832,cautionary tale
2833,genetic engineering
2834,amusement parks
2835,dinosaurs
2836,chaos theory
2837,Procompsognathus
2838,paleontologists
2839,paleobotanists
2840,theme parks
2841,cloning
2842,ancient DNA
2843,lysine
2844,auxotrophy
2845,chaos theorists
2846,complex systems
2847,velociraptors
2848,backdoor
2849,Tyrannosaurus
2850,biotechnologists
2851,napalm
2852,Clones and cloning
2853,"Fiction, technological"
2854,"Jurassic park (imaginary place), fiction"
2855,"Malcolm, ian (fictitious character), fiction"
2856,"Dinosaurs, fiction"
2857,Ke xue huan xiang xiao shuo
2858,"Fiction, thrillers, technological"
2859,Dinosaurios
2860,Parques de diversiones
2861,Animal genetic engineering
2862,Thrillers (Fiction)
2863,"Amusement parks, fiction"
2864,Trees
2865,Generosity
2866,Sacrifice
2867,Arboles
2868,Life
2869,Accelerated Reader 1.6.
2870,Multigenerational
2871,Emotions & Feelings
2872,Picture books for children
2873,"Trees, fiction"
2874,Picture books
2875,Modern Literature
2876,Mental Healing
2877,"Latin language, readers"
2878,african american girls
2879,attorney and client
2880,capital murder
2881,capital punishment
2882,crimes against african american girls
2883,detective and mystery fiction
2884,detective and mystery stories
2885,disbarment
2886,district attorneys
2887,homicide
2888,investigation
2889,ku klux clan
2890,lawyers
2891,legal fiction
2892,legal thriller
2893,m16 rifles
2894,murder trials
2895,mystery & detective fiction
2896,pro bono publico
2897,race relations
2898,trials (murder)
2899,vigilantes
2900,white supremacy
2901,"Crime, fiction"
2902,"Brigance, jake (fictitious character), fiction"
2903,Race discrimination
2904,Filles noires américaines
2905,Procès (Meurtre)
2906,Discrimination raciale
2907,Psychiatrists
2908,Moral and ethical aspects of Wealth
2909,The Arts
2910,"Fitzgerald, F. Scott"
2911,20th Century American Novel And Short Story
2912,Literature - Classics / Criticism
2913,USA
2914,"(Francis Scott),"
2915,1896-1940
2916,"Manuscripts, American"
2917,"Psychiatrists, fiction"
2918,"France, fiction"
2919,Europe - Fiction
2920,Popular Work
2921,Richesse
2922,Aspect moral
2923,Psychiatres
2924,Medicine in Literature
2925,"Fiction, family life, marriage & divorce"
2926,"Tender is the night (Fitzgerald, F. Scott)"
2927,nyt:chapter-books=2008-11-02
2928,Neighbors
2929,High school seniors
2930,Missing persons investigation
2931,Determination in teenage boys
2932,Runaways
2933,"Florida, fiction"
2934,JUVENILE FICTION / General
2935,YOUNG ADULT FICTION / Social Themes / Runaways
2936,Missing persons investigations
2937,YOUNG ADULT FICTION / Social Themes / Friendship
2938,YOUNG ADULT FICTION / Romance / Contemporary
2939,nyt:young-adult=2012-12-23
2940,Roman à suspense
2941,Roman policier
2942,Séduction
2943,Kayıp kişiler
2944,İntikam
2945,Komşular
2946,Teen fiction
2947,Castles
2948,Princesses
2949,"Fiction, romance, fantasy"
2950,Pirates
2951,Gangs
2952,Brothers
2953,Superheroes
2954,"Gangs, fiction"
2955,"Boys, fiction"
2956,Alienation (Social psychology)
2957,Bullying
2958,Determination (Personality trait)
2959,Frères
2960,Intimidation
2961,Détermination (Trait de personnalité)
2962,Individualité
2963,"Bullying, fiction"
2964,Families -- Fiction
2965,Violence -- Fiction
2966,Gangs -- Fiction
2967,Orphans -- Fiction
2968,Brothers -- Fiction
2969,Boys & men
2970,Amnesia
2971,Cooperativeness
2972,Labyrinths
2973,"Amnesia, fiction"
2974,Mazes
2975,Escapes
2976,Visionary & Metaphysical
2977,Boys & Men
2978,nyt:paperback-books=2010-09-12
2979,Amnesiacs
2980,Maze puzzles
2981,Cooperation
2982,Economics -- Psychological aspects
2983,Economics -- Sociological aspects
2984,Finance
2985,Sociology
2986,nyt:paperback_business_books=2012-02-25
2987,Popular Culture
2988,business & economics
2989,social science
2990,economics theory
2991,psychology
2992,Socioeconomic Factors
2993,data-mining
2994,high-stakes tests
2995,parenting
2996,education
2997,nominative determinism
2998,collusion
2999,Japan Sumo Association
3000,real-estate agents
3001,illegal drug trade
3002,low earnings
3003,crack cocaine
3004,effect of legalized abortion on crime
3005,incentives
3006,cheating
3007,teachers
3008,sumo wrestlers
3009,Sociological aspects
3010,Economia (aspectos sociais)
3011,Business
3012,Economia da informação
3013,Psychological aspects of Economics
3014,Économie politique
3015,Aspect psychologique
3016,Sociological aspects of Economics
3017,Economia (aspectos psicológicos)
3018,Aspect sociologique
3019,Aspectos sociales
3020,Aspectos psicológicos
3021,Economía
3022,"Economics, psychological aspects"
3023,"Economics, sociological aspects"
3024,Economics--psychological aspects
3025,Economics--sociological aspects
3026,Hb74.p8 l479 2005
3027,Hb74 .p8 l666f 2005
3028,330
3029,Hb74.p8 l479 2006
3030,"Gardens, fiction"
3031,"Great britain, history, fiction"
3032,Gardens
3033,Children with disabilities
3034,Loneliness in children
3035,People with disabilities
3036,Jardines
3037,Impedidos
3038,Jardins
3039,Ouvrages illustrés
3040,Great Britain
3041,Personnes handicapées
3042,"Girls, fiction"
3043,"American fiction, history and criticism"
3044,Enfants
3045,Orphelins
3046,Physically handicapped
3047,Chinese
3048,Selbsterziehung
3049,Garten
3050,Korean
3051,Therapeutic use
3052,Gardening
3053,reading
3054,strategies
3055,Physically disabled children
3056,People with physical disabilities
3057,JUVENILE FICTION / Family / Orphans & Foster Homes
3058,JUVENILE FICTION / Social Themes / Friendship
3059,JUVENILE FICTION / Lifestyles / Country Life
3060,JUVENILE FICTION / Disabilities & Special Needs
3061,"Grandparents, fiction"
3062,"Great britain, history, 19th century, fiction"
3063,Grandfathers
3064,"Holmes, sherlock (fictitious character), fiction"
3065,"Private investigators, fiction"
3066,Friendship in children
3067,Loneliness
3068,Spanish language books
3069,Macondo (Imaginary place)
3070,magic realism
3071,Latinamerican literature
3072,Condiciones sociales
3073,Literatura épica
3074,Epic literature
3075,Macondo (Lugar imaginario)
3076,Ficcion
3077,Translations into Arabic
3078,Latin American fiction
3079,Translations into Gujarati
3080,Colombian fiction
3081,Cliffs Notes
3082,Magic realism (Literature)
3083,Dorf
3084,Unabhängigkeitsbewegung
3085,"Macondo (imaginary place), fiction"
3086,Fiction (fictional works by one author)
3087,"Latin america, fiction"
3088,"Garcia marquez, gabriel, 1928-2014"
3089,"Cien años de soledad (García Márquez, Gabriel)"
3090,Spanish American fiction
3091,In English
3092,Macondo (Lieu imaginaire)
3093,Romance literature
3094,América Latina
3095,Roman colombien
3096,Littérature épique
3097,Epic poems
3098,Macondo (imaginary place)--fiction
3099,Pq8180.17.a73 c513 1970
3100,Pz4.g2164
3101,863
3102,Language study
3103,"Conduct of life, fiction"
3104,Appearance (Philosophy)
3105,Youthfulness
3106,Portraits
3107,Apparence (Philosophie)
3108,Juvénilité
3109,Soul
3110,"Fiction, fantasy, paranormal"
3111,European
3112,"English, Irish, Scottish, Welsh"
3113,"Drama, history and criticism"
3114,Hedonism
3115,Influence (Psychology)
3116,Novela didáctica
3117,Novela psicología
3118,"Painting, fiction"
3119,"Picture of Dorian Gray (Wilde, Oscar)"
3120,Immortality
3121,Aging
3122,Irish Occult fiction
3123,Issues of Presses
3124,Le livre.
3125,Appearance (philosophy)--fiction
3126,Conduct of life--fiction
3127,Portraits--fiction
3128,Pr5819 .a1 1998b
3129,"Fiction, lgbtq+, gay"
3130,"Gothic fiction (Literary genre), English"
3131,LGBTQ fiction before Stonewall
3132,"Fiction, Romance, Contemporary"
3133,"Sexual dominance and submission, fiction"
3134,"Relaciones hombre-mujer, Ficción"
3135,Sadomasoquismo
3136,Cuentos eróticos
3137,"Adult & contemporary romance, fiction"
3138,Erotica
3139,Sadomasochism
3140,nyt:trade-fiction-paperback=2021-06-20
3141,"Fiction, romance, erotica"
3142,Thriller
3143,Vampires in literature
3144,Irish authors
3145,Romanians
3146,"Romania, fiction"
3147,"Dracula, count (fictitious character), fiction"
3148,"Stoker, bram, 1847-1912"
3149,Film and video adaptations
3150,County Dracula (Fictitious character)
3151,Dracula (Personaje literario)
3152,Count Dracula (Fictional character)
3153,"Fiction, ghost"
3154,"Literature, study and teaching"
3155,Irish fiction
3156,Dracula (Stoker)
3157,Dracula i litteraturen
3158,"Dracula (Stoker, Bram)"
3159,Literary criticism
3160,Gothic literature
3161,"Dracula, count (fictitious character), drama"
3162,"English language, rhetoric"
3163,Temples
3164,Human trafficking
3165,Ana Steele (Fictitious character)
3166,Christian Grey (Fictitious character)
3167,Literatura erótica
3168,Literatura europea
3169,Novela erótica
